{"name":"8bd95eee-c051-4b20-82ea-002e1e02881b","id":"/providers/Microsoft.Flow/flows/8bd95eee-c051-4b20-82ea-002e1e02881b","type":"Microsoft.Flow/flows","properties":{"apiId":"/providers/Microsoft.PowerApps/apis/shared_logicflows","displayName":"Convert SharePoint Pages to PDF and HTML","definition":{"metadata":{"workflowEntityId":null,"flowclientsuspensionreason":"None","flowclientsuspensiontime":null,"creator":{"id":"61e4fdac-6312-402c-9513-427a7d6db0aa","type":"User","tenantId":"d1af847b-2ce1-44cb-bb50-d5802bb43c8b"},"provisioningMethod":"FromDefinition","failureAlertSubscription":true,"clientLastModifiedTime":"2020-09-16T04:37:16.8574667Z"},"$schema":"https://schema.management.azure.com/providers/Microsoft.Logic/schemas/2016-06-01/workflowdefinition.json#","contentVersion":"1.0.0.0","parameters":{"$connections":{"defaultValue":{},"type":"Object"},"$authentication":{"defaultValue":{},"type":"SecureObject"}},"triggers":{"manual":{"type":"Request","kind":"Button","inputs":{"schema":{"type":"object","properties":{"text":{"title":"Site URL","type":"string","x-ms-dynamically-added":true,"description":"Enter the SharePoint Site URL","x-ms-content-hint":"TEXT"},"boolean":{"title":"Convert all modern pages?","type":"boolean","x-ms-dynamically-added":true,"description":"Convert all modern pages?","x-ms-content-hint":"BOOLEAN"},"text_1":{"title":"Single Page Name","type":"string","x-ms-dynamically-added":true,"description":"Please enter page name to convert to PDF","x-ms-content-hint":"TEXT"}},"required":["text"]}}}},"actions":{"Initialize_variable_-_Content":{"runAfter":{"Config_Variables":["Succeeded"]},"type":"InitializeVariable","inputs":{"variables":[{"name":"varContentString","type":"string"}]}},"Convert_all_pages_is_true":{"actions":{"Get_Pages":{"runAfter":{},"metadata":{"flowSystemMetadata":{"swaggerOperationId":"GetItems"}},"type":"ApiConnection","inputs":{"host":{"connection":{"name":"@json(decodeBase64(triggerOutputs().headers['X-MS-APIM-Tokens']))['$connections']['shared_sharepointonline']['connectionId']"},"api":{"runtimeUrl":"https://australia-001.azure-apim.net/apim/sharepointonline"}},"method":"get","path":"/datasets/@{encodeURIComponent(encodeURIComponent(outputs('SiteURL')))}/tables/@{encodeURIComponent(encodeURIComponent('Site Pages'))}/items","authentication":{"type":"Raw","value":"@json(decodeBase64(triggerOutputs().headers['X-MS-APIM-Tokens']))['$ConnectionKey']"}}},"Apply_to_each_Page":{"foreach":"@body('Get_Pages')?['value']","actions":{"Get_Page_Contents":{"runAfter":{},"metadata":{"flowSystemMetadata":{"swaggerOperationId":"HttpRequest"}},"type":"ApiConnection","inputs":{"host":{"connection":{"name":"@json(decodeBase64(triggerOutputs().headers['X-MS-APIM-Tokens']))['$connections']['shared_sharepointonline']['connectionId']"},"api":{"runtimeUrl":"https://australia-001.azure-apim.net/apim/sharepointonline"}},"method":"post","body":{"method":"GET","uri":"_api/Web/Lists/getByTitle('Site Pages')/items(@{items('Apply_to_each_Page')['Id']})?$select=CanvasContent1"},"path":"/datasets/@{encodeURIComponent(encodeURIComponent(outputs('SiteURL')))}/httprequest","authentication":{"type":"Raw","value":"@json(decodeBase64(triggerOutputs().headers['X-MS-APIM-Tokens']))['$ConnectionKey']"}}},"Check_Page_Content_Not_Empty":{"actions":{"Create_file_4":{"runAfter":{"Style_HTML":["Succeeded"]},"metadata":{"flowSystemMetadata":{"swaggerOperationId":"CreateFile"}},"type":"ApiConnection","inputs":{"host":{"connection":{"name":"@json(decodeBase64(triggerOutputs().headers['X-MS-APIM-Tokens']))['$connections']['shared_onedriveforbusiness']['connectionId']"},"api":{"runtimeUrl":"https://australia-001.azure-apim.net/apim/onedriveforbusiness"}},"method":"post","body":"@outputs('Style_HTML')","path":"/datasets/default/files","queries":{"folderPath":"/PowerAutomatHTMLs","name":"@{outputs('SiteName')}-@{items('Apply_to_each_Page')['Title']}.html"},"authentication":{"type":"Raw","value":"@json(decodeBase64(triggerOutputs().headers['X-MS-APIM-Tokens']))['$ConnectionKey']"}},"runtimeConfiguration":{"contentTransfer":{"transferMode":"Chunked"}}},"Convert_file_2":{"runAfter":{"Create_file_4":["Succeeded"]},"metadata":{"flowSystemMetadata":{"swaggerOperationId":"ConvertFile"}},"type":"ApiConnection","inputs":{"host":{"connection":{"name":"@json(decodeBase64(triggerOutputs().headers['X-MS-APIM-Tokens']))['$connections']['shared_onedriveforbusiness']['connectionId']"},"api":{"runtimeUrl":"https://australia-001.azure-apim.net/apim/onedriveforbusiness"}},"method":"get","path":"/datasets/default/files/@{encodeURIComponent(encodeURIComponent(body('Create_file_4')?['Id']))}/convert","queries":{"type":"PDF"},"authentication":{"type":"Raw","value":"@json(decodeBase64(triggerOutputs().headers['X-MS-APIM-Tokens']))['$ConnectionKey']"}}},"Set_variable_4":{"runAfter":{"Create_file":["Succeeded","Failed","TimedOut"]},"type":"SetVariable","inputs":{"name":"varContentString","value":"@{null}"}},"Convert_Images_to_Binary1":{"foreach":"@split(outputs('Page_Content'),'src=\"')","actions":{"Check_if_Image":{"actions":{"Build_Image_Path1":{"runAfter":{},"type":"Compose","inputs":"@substring(substring(items('Convert_Images_to_Binary1'), 0, indexOf(items('Convert_Images_to_Binary1'), '\"')), 7)"},"Get_file_metadata_using_path1":{"runAfter":{"Build_Image_Path1":["Succeeded","Failed","TimedOut"]},"metadata":{"flowSystemMetadata":{"swaggerOperationId":"GetFileMetadataByPath"}},"type":"ApiConnection","inputs":{"host":{"connection":{"name":"@json(decodeBase64(triggerOutputs().headers['X-MS-APIM-Tokens']))['$connections']['shared_sharepointonline']['connectionId']"},"api":{"runtimeUrl":"https://australia-001.azure-apim.net/apim/sharepointonline"}},"method":"get","path":"/datasets/@{encodeURIComponent(encodeURIComponent(outputs('SiteURL')))}/GetFileByPath","queries":{"path":"@{trim(replace(substring(outputs('Build_Image_path1'), indexOf(outputs('Build_Image_path1'), '/')), '%20', ' '))}","queryParametersSingleEncoded":true},"authentication":{"type":"Raw","value":"@json(decodeBase64(triggerOutputs().headers['X-MS-APIM-Tokens']))['$ConnectionKey']"}}},"Get_Image_Content1":{"runAfter":{"Get_file_metadata_using_path1":["Succeeded","Failed","TimedOut"]},"metadata":{"flowSystemMetadata":{"swaggerOperationId":"GetFileContent"}},"type":"ApiConnection","inputs":{"host":{"connection":{"name":"@json(decodeBase64(triggerOutputs().headers['X-MS-APIM-Tokens']))['$connections']['shared_sharepointonline']['connectionId']"},"api":{"runtimeUrl":"https://australia-001.azure-apim.net/apim/sharepointonline"}},"method":"get","path":"/datasets/@{encodeURIComponent(encodeURIComponent(outputs('SiteURL')))}/files/@{encodeURIComponent(body('Get_file_metadata_using_path1')?['Id'])}/content","queries":{"inferContentType":true},"authentication":{"type":"Raw","value":"@json(decodeBase64(triggerOutputs().headers['X-MS-APIM-Tokens']))['$ConnectionKey']"}}},"Append_Image_Binary":{"runAfter":{"Get_Image_Content1":["Succeeded","Failed","TimedOut"]},"type":"AppendToStringVariable","inputs":{"name":"varContentString","value":"@concat(' src=\"', dataUri(body('Get_Image_Content1')), '\" /', substring(items('Convert_Images_to_Binary1'), indexOf(items('Convert_Images_to_Binary1'), '>')))"}}},"runAfter":{},"else":{"actions":{"Append_Content":{"runAfter":{},"type":"AppendToStringVariable","inputs":{"name":"varContentString","value":"@items('Convert_Images_to_Binary1')"}}}},"expression":{"equals":["@startsWith(items('Convert_Images_to_Binary1'),'/')","@true"]},"type":"If"}},"runAfter":{},"type":"Foreach"},"Style_HTML":{"runAfter":{"Convert_Images_to_Binary1":["Succeeded"]},"type":"Compose","inputs":"<!DOCTYPE html>\n<html>\n<head>\n<style>\n        html { max-width: 550px;}\n        img {\n            object-fit: contain;\n\t\t\t    max-width: 550px;\n        }\n        \n        body {\n            margin: 0;\n            padding: 5px;\n            background: lightgrey;\n\t\t\tmax-width: 550px;\n        }\n\n\ntable {\n\t\t\t\ttable-layout: fixed;\n\t\t\t\tmax-width: 529px;\n\t\t\t\tfont-family: 'Open Sans', sans-serif;\n\t\t\t\tcolor: #2c3034\n\t\t\t}\ntr {\n\t\t\t\tborder:1px solid;\n\t\t\t\tbackground-color: white;\n\t\t\t\tpadding:3px;\n\t\t\t\twhite-space: pre-line;\n\t\t\t\tword-break: break-all;\n\t\t\t}\ntd {\n\t\t\t\tborder:1px solid;\n\t\t\t\tpadding:3px;\n\t\t\t\twhite-space: pre-line;\n\t\t\t\tword-break: break-all;\n\t\t\t}\n\ntd ol {\n\t\tpadding: 0;\n}\ntd li {\n\t\tpadding: 0;\n}\n\nblockquote {\n    margin: auto;\n}\n\np br {display: none;}\n\nelement.style {\n    width: 550px;\n}\ndiv[data-sp-componentid] {\n    display: none;\n}\n</style>\n</head>\n<body>\n@{replace(variables('varContentString'),'data-sp-componentid=\"\"','style=\"display:none\"')}\n</body>\n</html>"},"Create_file":{"runAfter":{"Convert_file_2":["Succeeded","Failed","TimedOut"]},"metadata":{"flowSystemMetadata":{"swaggerOperationId":"CreateFile"}},"type":"ApiConnection","inputs":{"host":{"connection":{"name":"@json(decodeBase64(triggerOutputs().headers['X-MS-APIM-Tokens']))['$connections']['shared_onedriveforbusiness']['connectionId']"},"api":{"runtimeUrl":"https://australia-001.azure-apim.net/apim/onedriveforbusiness"}},"method":"post","body":"@body('Convert_file_2')","path":"/datasets/default/files","queries":{"folderPath":"/PowerAutomatPDFs","name":"@base64ToString(outputs('Convert_file_2')['headers']['x-ms-file-name'])"},"authentication":{"type":"Raw","value":"@json(decodeBase64(triggerOutputs().headers['X-MS-APIM-Tokens']))['$ConnectionKey']"}},"runtimeConfiguration":{"contentTransfer":{"transferMode":"Chunked"}}}},"runAfter":{"Page_Content":["Succeeded"]},"expression":{"and":[{"not":{"equals":["@body('Get_Page_Contents')['d']['CanvasContent1']","@null"]}},{"equals":["@not(empty(items('Apply_to_each_Page')?['Title']))","@true"]}]},"type":"If"},"Page_Content":{"runAfter":{"Get_Page_Contents":["Succeeded"]},"type":"Compose","inputs":"@body('Get_Page_Contents')['d']['CanvasContent1']"}},"runAfter":{"Get_Pages":["Succeeded"]},"type":"Foreach"}},"runAfter":{"SiteName":["Succeeded"]},"else":{"actions":{"Single_Page_is_not_empty":{"actions":{"Get_Page_Details":{"foreach":"@body('Get_Single_Page')?['value']","actions":{"Get_Single_Page_Content":{"runAfter":{},"metadata":{"flowSystemMetadata":{"swaggerOperationId":"HttpRequest"}},"type":"ApiConnection","inputs":{"host":{"connection":{"name":"@json(decodeBase64(triggerOutputs().headers['X-MS-APIM-Tokens']))['$connections']['shared_sharepointonline']['connectionId']"},"api":{"runtimeUrl":"https://australia-001.azure-apim.net/apim/sharepointonline"}},"method":"post","body":{"method":"GET","uri":"_api/web/lists/getbytitle('Site Pages')/items(@{items('Get_Page_Details')['Id']})?$select=CanvasContent1"},"path":"/datasets/@{encodeURIComponent(encodeURIComponent(outputs('SiteURL')))}/httprequest","authentication":{"type":"Raw","value":"@json(decodeBase64(triggerOutputs().headers['X-MS-APIM-Tokens']))['$ConnectionKey']"}}},"Single_Page_Content":{"runAfter":{"Get_Single_Page_Content":["Succeeded"]},"type":"Compose","inputs":"@body('Get_Single_Page_Content')['d']['CanvasContent1']"},"Content_Not_Empty":{"actions":{"Convert_Images_to_Binary":{"foreach":"@split(outputs('Single_Page_Content'),'src=\"')","actions":{"Check_if_image_path":{"actions":{"Build_Image_path":{"runAfter":{},"type":"Compose","inputs":"@substring(substring(items('Convert_Images_to_Binary'), 0, indexOf(items('Convert_Images_to_Binary'), '\"')), 7)"},"Get_file_metadata_using_path":{"runAfter":{"Build_Image_path":["Succeeded"]},"metadata":{"flowSystemMetadata":{"swaggerOperationId":"GetFileMetadataByPath"}},"type":"ApiConnection","inputs":{"host":{"connection":{"name":"@json(decodeBase64(triggerOutputs().headers['X-MS-APIM-Tokens']))['$connections']['shared_sharepointonline']['connectionId']"},"api":{"runtimeUrl":"https://australia-001.azure-apim.net/apim/sharepointonline"}},"method":"get","path":"/datasets/@{encodeURIComponent(encodeURIComponent(outputs('SiteURL')))}/GetFileByPath","queries":{"path":"@{trim(replace(substring(outputs('Build_Image_path'), indexOf(outputs('Build_Image_path'), '/')), '%20', ' '))}","queryParametersSingleEncoded":true},"authentication":{"type":"Raw","value":"@json(decodeBase64(triggerOutputs().headers['X-MS-APIM-Tokens']))['$ConnectionKey']"}}},"Get_Image_Content":{"runAfter":{"Get_file_metadata_using_path":["Succeeded","Failed","TimedOut"]},"metadata":{"flowSystemMetadata":{"swaggerOperationId":"GetFileContent"}},"type":"ApiConnection","inputs":{"host":{"connection":{"name":"@json(decodeBase64(triggerOutputs().headers['X-MS-APIM-Tokens']))['$connections']['shared_sharepointonline']['connectionId']"},"api":{"runtimeUrl":"https://australia-001.azure-apim.net/apim/sharepointonline"}},"method":"get","path":"/datasets/@{encodeURIComponent(encodeURIComponent(outputs('SiteURL')))}/files/@{encodeURIComponent(body('Get_file_metadata_using_path')?['Id'])}/content","queries":{"inferContentType":true},"authentication":{"type":"Raw","value":"@json(decodeBase64(triggerOutputs().headers['X-MS-APIM-Tokens']))['$ConnectionKey']"}}},"Append_to_varContentString":{"runAfter":{"Get_Image_Content":["Succeeded","Failed","TimedOut"]},"type":"AppendToStringVariable","inputs":{"name":"varContentString","value":"@concat(' src=\"', dataUri(body('Get_Image_Content')), '\" /', substring(items('Convert_Images_to_Binary'), indexOf(items('Convert_Images_to_Binary'), '>')))"}}},"runAfter":{},"else":{"actions":{"Append_to_varContentString1":{"runAfter":{},"type":"AppendToStringVariable","inputs":{"name":"varContentString","value":"@items('Convert_Images_to_Binary')"}}}},"expression":{"equals":["@startsWith(items('Convert_Images_to_Binary'),'/')","@true"]},"type":"If"}},"runAfter":{},"type":"Foreach"},"Get_HTML_Content":{"runAfter":{"Create_HTML":["Succeeded"]},"metadata":{"flowSystemMetadata":{"swaggerOperationId":"GetFileContent"}},"type":"ApiConnection","inputs":{"host":{"connection":{"name":"@json(decodeBase64(triggerOutputs().headers['X-MS-APIM-Tokens']))['$connections']['shared_onedriveforbusiness']['connectionId']"},"api":{"runtimeUrl":"https://australia-001.azure-apim.net/apim/onedriveforbusiness"}},"method":"get","path":"/datasets/default/files/@{encodeURIComponent(encodeURIComponent(body('Create_HTML')?['Id']))}/content","queries":{"inferContentType":true},"authentication":{"type":"Raw","value":"@json(decodeBase64(triggerOutputs().headers['X-MS-APIM-Tokens']))['$ConnectionKey']"}}},"Convert_HTML_To_PDF":{"runAfter":{"Get_HTML_Content":["Succeeded"]},"metadata":{"flowSystemMetadata":{"swaggerOperationId":"ConvertFile"}},"type":"ApiConnection","inputs":{"host":{"connection":{"name":"@json(decodeBase64(triggerOutputs().headers['X-MS-APIM-Tokens']))['$connections']['shared_onedriveforbusiness']['connectionId']"},"api":{"runtimeUrl":"https://australia-001.azure-apim.net/apim/onedriveforbusiness"}},"method":"get","path":"/datasets/default/files/@{encodeURIComponent(encodeURIComponent(body('Create_HTML')?['Id']))}/convert","queries":{"type":"PDF"},"authentication":{"type":"Raw","value":"@json(decodeBase64(triggerOutputs().headers['X-MS-APIM-Tokens']))['$ConnectionKey']"}}},"Create_PDF":{"runAfter":{"Convert_HTML_To_PDF":["Succeeded","Failed","TimedOut"]},"metadata":{"flowSystemMetadata":{"swaggerOperationId":"CreateFile"}},"type":"ApiConnection","inputs":{"host":{"connection":{"name":"@json(decodeBase64(triggerOutputs().headers['X-MS-APIM-Tokens']))['$connections']['shared_onedriveforbusiness']['connectionId']"},"api":{"runtimeUrl":"https://australia-001.azure-apim.net/apim/onedriveforbusiness"}},"method":"post","body":"@body('Convert_HTML_To_PDF')","path":"/datasets/default/files","queries":{"folderPath":"/PowerAutomatPDFs","name":"@base64ToString(outputs('Convert_HTML_To_PDF')['headers']['x-ms-file-name'])"},"authentication":{"type":"Raw","value":"@json(decodeBase64(triggerOutputs().headers['X-MS-APIM-Tokens']))['$ConnectionKey']"}},"runtimeConfiguration":{"contentTransfer":{"transferMode":"Chunked"}}},"Create_HTML":{"runAfter":{"StyleHTML":["Succeeded"]},"metadata":{"flowSystemMetadata":{"swaggerOperationId":"CreateFile"}},"type":"ApiConnection","inputs":{"host":{"connection":{"name":"@json(decodeBase64(triggerOutputs().headers['X-MS-APIM-Tokens']))['$connections']['shared_onedriveforbusiness']['connectionId']"},"api":{"runtimeUrl":"https://australia-001.azure-apim.net/apim/onedriveforbusiness"}},"method":"post","body":"@outputs('StyleHTML')","path":"/datasets/default/files","queries":{"folderPath":"/PowerAutomatHTMLs","name":"@{items('Get_Page_Details')['Title']}.html"},"authentication":{"type":"Raw","value":"@json(decodeBase64(triggerOutputs().headers['X-MS-APIM-Tokens']))['$ConnectionKey']"}},"runtimeConfiguration":{"contentTransfer":{"transferMode":"Chunked"}}},"StyleHTML":{"runAfter":{"Convert_Images_to_Binary":["Succeeded"]},"type":"Compose","inputs":"<!DOCTYPE html>\n<html>\n<head>\n<style>\n        html { max-width: 550px;}\n        img {\n            object-fit: contain;\n\t\t\t    max-width: 550px;\n        }\n        \n        body {\n            margin: 0;\n            padding: 5px;\n            background: lightgrey;\n\t\t\tmax-width: 550px;\n        }\n\n\ntable {\n\t\t\t\ttable-layout: fixed;\n\t\t\t\tmax-width: 529px;\n\t\t\t\tfont-family: 'Open Sans', sans-serif;\n\t\t\t\tcolor: #2c3034\n\t\t\t}\ntr {\n\t\t\t\tborder:1px solid;\n\t\t\t\tbackground-color: white;\n\t\t\t\tpadding:3px;\n\t\t\t\twhite-space: pre-line;\n\t\t\t\tword-break: break-all;\n\t\t\t}\ntd {\n\t\t\t\tborder:1px solid;\n\t\t\t\tpadding:3px;\n\t\t\t\twhite-space: pre-line;\n\t\t\t\tword-break: break-all;\n\t\t\t}\n\ntd ol {\n\t\tpadding: 0;\n}\ntd li {\n\t\tpadding: 0;\n}\n\nblockquote {\n    margin: auto;\n}\n\np br {display: none;}\n\nelement.style {\n    width: 550px;\n}\ndiv[data-sp-componentid] {\n    display: none;\n}\n</style>\n</head>\n<body>\n@{replace(variables('varContentString'),'data-sp-componentid=\"\"','style=\"display:none\"')}\n</body>\n</html>"},"Catch_Error":{"runAfter":{"Create_PDF":["Failed","TimedOut"]},"type":"Compose","inputs":"Don't Stop!"}},"runAfter":{"Single_Page_Content":["Succeeded"]},"expression":{"not":{"equals":["@body('Get_Single_Page_Content')['d']['CanvasContent1']","@null"]}},"type":"If"}},"runAfter":{"Get_Single_Page":["Succeeded"]},"type":"Foreach"},"Get_Single_Page":{"runAfter":{},"metadata":{"flowSystemMetadata":{"swaggerOperationId":"GetItems"}},"type":"ApiConnection","inputs":{"host":{"connection":{"name":"@json(decodeBase64(triggerOutputs().headers['X-MS-APIM-Tokens']))['$connections']['shared_sharepointonline']['connectionId']"},"api":{"runtimeUrl":"https://australia-001.azure-apim.net/apim/sharepointonline"}},"method":"get","path":"/datasets/@{encodeURIComponent(encodeURIComponent(outputs('SiteURL')))}/tables/@{encodeURIComponent(encodeURIComponent('Site Pages'))}/items","queries":{"$filter":"Title eq '@{outputs('SinglePageName')}'"},"authentication":{"type":"Raw","value":"@json(decodeBase64(triggerOutputs().headers['X-MS-APIM-Tokens']))['$ConnectionKey']"}},"description":"The action is filtered by page title"}},"runAfter":{},"expression":{"not":{"equals":["@triggerBody()?['text_1']","empty"]}},"type":"If"}}},"expression":{"equals":["@triggerBody()?['boolean']","@true"]},"type":"If"},"Config_Variables":{"actions":{"SiteURL":{"runAfter":{},"type":"Compose","inputs":"@triggerBody()['text']","description":"Site URL, change this if you have changed the trigger"},"ConvertAllPages":{"runAfter":{"SiteURL":["Succeeded"]},"type":"Compose","inputs":"@triggerBody()['boolean']","description":"Input value is true or false"},"SinglePageName":{"runAfter":{"ConvertAllPages":["Succeeded"]},"type":"Compose","inputs":"@if(not(empty(triggerBody()?['text_1'])),triggerBody()?['text_1'],'empty')","description":"Page title is only available in modern pages"}},"runAfter":{},"type":"Scope","description":"Change these variable values based on your trigger and requirements"},"Check_the_Site_Exists":{"runAfter":{"Initialize_variable_-_Content":["Succeeded"]},"metadata":{"flowSystemMetadata":{"swaggerOperationId":"HttpRequest"}},"type":"ApiConnection","inputs":{"host":{"connection":{"name":"@json(decodeBase64(triggerOutputs().headers['X-MS-APIM-Tokens']))['$connections']['shared_sharepointonline']['connectionId']"},"api":{"runtimeUrl":"https://australia-001.azure-apim.net/apim/sharepointonline"}},"method":"post","body":{"method":"GET","uri":"_api/web/title"},"path":"/datasets/@{encodeURIComponent(encodeURIComponent(outputs('SiteURL')))}/httprequest","authentication":{"type":"Raw","value":"@json(decodeBase64(triggerOutputs().headers['X-MS-APIM-Tokens']))['$ConnectionKey']"}}},"Site_Test_Failed":{"runAfter":{"Check_the_Site_Exists":["Failed","TimedOut"]},"type":"Compose","inputs":"Can't get the site title"},"Terminate":{"runAfter":{"Site_Test_Failed":["Succeeded"]},"type":"Terminate","inputs":{"runStatus":"Succeeded"}},"SiteName":{"runAfter":{"Check_the_Site_Exists":["Succeeded"]},"type":"Compose","inputs":"@body('Check_the_Site_Exists')['d']?['Title']"}},"description":"Given a SharePoint online site URL the Power Automate will convert all the modern SharePoint pages in \"Site Pages\" library to HTML and PDF. \nThe output is stored in user's OneDrive for Business root /PowerAutomatHTMLs and /PowerAutomatPDFs.\nThe images are converted to binary base64 and primarily stored as HTML, then convert to PDF if the size is under 2 MB (there is a 2 MB limit when converting file using OneDrive for Business Convert File Connector)."},"connectionReferences":{"shared_sharepointonline":{"connectionName":"5968cd89a4b6416f87b4d805725de27b","source":"Invoker","id":"/providers/Microsoft.PowerApps/apis/shared_sharepointonline","tier":"NotSpecified"},"shared_onedriveforbusiness":{"connectionName":"shared-onedriveforbu-83e8f735-848a-4755-988d-a222cfc970f0","source":"Invoker","id":"/providers/Microsoft.PowerApps/apis/shared_onedriveforbusiness","tier":"NotSpecified"}},"flowFailureAlertSubscribed":false}}